,weta_band,ss_corr_avg
0,"(0, 0.4)",0.04639202996002764
1,"(0.4, 0.6)",0.0985843122999501
2,"(0.6, 0.8)",0.06860509090442307
3,"(0.8, 1.0)",0.1325243990866585
4,"(1.0, 1.2)",0.11356889943567514
5,"(1.2, 1.4)",0.16461339789117937
6,"(1.4, 1.6)",0.1420360955306738
7,"(1.6, 1.8)",0.22426176722428634
8,"(1.8, 2.0)",0.19635929782076542
9,"(2.0, 2.2)",0.5196343460019961
10,"(2.2, 2.4)",1.06393187351751
11,"(2.4, 2.6)",0.6862179378405157
12,"(2.6, 2.8)",,,,,,
