weta_band,ss_corr_avg
"(0, 0.4)",0.286517
"(0.4, 0.6)",0.256272
"(0.6, 0.8)",0.330707
"(0.8, 1.0)",0.153188
"(1.0, 1.2)",0.173307
"(1.2, 1.3)",0.125171
"(1.3, 1.4)",0.244693
"(1.4, 1.5)",0.139072
"(1.5, 1.6)",0.156348
"(1.6, 1.8)",0.215246
"(1.8, 2.0)",0.169669